,accuracy,precision,recall,f1,kapppa,set,modelo
0,0.7164948453608248,0.5686274509803921,0.3240223463687151,0.4128113879003559,0.2440130367011477,test,Regresión logistica Balanceada Estandarizada Codificada
1,0.7233218588640276,0.5857519788918206,0.3135593220338983,0.40846366145354185,0.24889973682147093,train,Regresión logistica Balanceada Estandarizada Codificada
0,0.8053097345132744,0.35714285714285715,0.2777777777777778,0.31250000000000006,0.20115681233933158,test,Regresión logistica Estandarizada Codificada
1,0.8152654867256637,0.36,0.31265508684863524,0.33466135458167334,0.2280203359476738,train,Regresión logistica Estandarizada Codificada
0,0.8466076696165191,0.75,0.05555555555555555,0.10344827586206895,0.08330733229329168,test,Regresión logistica NO Estandarizada Codificada
1,0.8613569321533924,0.7755102040816326,0.09429280397022333,0.168141592920354,0.14044827324606135,train,Regresión logistica NO Estandarizada Codificada
