,MAE,MSE,RMSE,R2,set,modelo
0,0.06160742329607197,0.01692921680531535,0.13011232380261045,0.7335528150734225,test,Linear Regresion
1,0.056192322174506155,0.013756667827626181,0.11728882226208165,0.7784947664146901,train,LinearRegression
