,MAE,MSE,RMSE,R2,set,modelo
0,6753.719242431549,80267819.4666856,8959.230964021723,0.22268429276586976,test,Linear Regresion
1,6612.818780936093,69947853.27861692,8363.483322074417,0.21596063707671254,train,LinearRegression
