,MAE,MSE,RMSE,R2,set,modelo
0,0.06160742329607204,0.016929216805315343,0.13011232380261042,0.7335528150734225,test,Linear Regresion
1,0.056192322174506114,0.013756667827626181,0.11728882226208165,0.7784947664146901,train,LinearRegression
