,MAE,MSE,RMSE,R2,set,modelo
0,0.06368441829261293,0.017057229363264998,0.13060332830087065,0.7315380387200223,test,Linear Regresion
1,0.05711465264947601,0.01390280567724086,0.11791015934702515,0.7761417039638,train,LinearRegression
