,MAE,MSE,RMSE,R2,set,modelo
0,2953.7026601818184,32477071.846558914,5698.865838617269,0.6854911689512224,test,Decission Tree I
1,0.0,0.0,0.0,1.0,train,Decission Tree I
0,3480.2364053487777,23341195.074902795,4831.272614426016,0.773963243577731,test,Decision tree II
1,2892.9025668106124,17054951.569483075,4129.764105791404,0.8088325411508693,train,Decision tree II
