,MAE,MSE,RMSE,R2,set,modelo
0,2953.7026601818184,32477071.846558914,5698.865838617269,0.6854911689512224,test,Decission Tree I
1,0.0,0.0,0.0,1.0,train,Decission Tree I
0,3869.9922806410236,30038758.08811122,5480.762546225773,0.709103864502185,test,Decision tree II
1,3306.045242875852,20043493.84668785,4476.996074008536,0.775334232435722,train,Decision tree II
