,MAE,MSE,RMSE,R2,set,modelo
0,0.07335890354843863,0.0338022017539054,0.18385375099220957,0.46799065749925894,test,Decission Tree I
1,0.0007796067864148937,0.00025861325847597905,0.0160814569761567,0.9958358963853193,train,Decission Tree I
0,0.0967238363695054,0.021730332295268846,0.1474121171928171,0.6579885570503434,test,Decision tree II
1,0.09389852865344826,0.018987874425992184,0.13779649642132483,0.6942636390789634,train,Decision tree II
