,MAE,MSE,RMSE,R2,set,modelo
0,0.07346347975306293,0.035011686920883696,0.18711410134162443,0.44895469608073446,test,Decission Tree I
1,0.0007796067864148937,0.00025861325847597905,0.0160814569761567,0.9958358963853193,train,Decission Tree I
0,0.09490809568373758,0.024416968576330973,0.15625929916754067,0.6157038676732274,test,Decision tree II
1,0.08439150863959591,0.018095317075728454,0.13451883539388992,0.7086352970150094,train,Decision tree II
