,MAE,MSE,RMSE,R2,set,modelo
0,2953.7026601818184,32477071.846558914,5698.865838617269,0.6854911689512224,test,Decission Tree I
1,0.0,0.0,0.0,1.0,train,Decission Tree I
0,3885.3887390697682,28975447.40156614,5382.884672883689,0.7194009935859573,test,Decision tree II
1,3015.0212836475207,18372570.19958416,4286.323622824595,0.7940634692937903,train,Decision tree II
