,MAE,MSE,RMSE,R2,set,modelo
0,0.06997257125172934,0.03224181140356183,0.1795600495755162,0.49254947915160496,test,Decission Tree I
1,0.0007796067864148937,0.00025861325847597905,0.0160814569761567,0.9958358963853193,train,Decission Tree I
0,0.10948740207722188,0.027526545944279578,0.16591125924505418,0.56676255245886,test,Decision tree II
1,0.0929643281800239,0.01874347680314626,0.13690681795712828,0.6981988473150353,train,Decision tree II
